{"iteration":2,"txt_acc":0,"id_loss":0,"epoch":1,"_runtime":78,"tse_loss":73.9858627319336,"loss":261.05316670735675,"_wandb":{"runtime":78},"img_acc":0,"bge_aug_loss":52.28644943237305,"bge_loss":63.013214111328125,"_step":2,"_timestamp":1.7545033848717387e+09,"tse_aug_loss":71.76765441894531}