{"_wandb":{"runtime":179},"_step":33,"txt_acc":0,"img_acc":0,"tse_loss":61.68876647949219,"iteration":33,"tse_aug_loss":59.93254089355469,"id_loss":0,"epoch":1,"_runtime":179,"loss":213.26217830882354,"bge_aug_loss":41.2705192565918,"bge_loss":50.37034225463867,"_timestamp":1.754503279444166e+09}